<?xml version="1.0" encoding="UTF-8"?>
<project xmlns="http://maven.apache.org/DECORATION/1.4.0"
	xmlns:xsi="http://www.w3.org/2001/XMLSchema-instance"
	xsi:schemaLocation="http://maven.apache.org/DECORATION/1.4.0 http://maven.apache.org/xsd/decoration-1.4.0.xsd"
	name="CALC">


	<skin>
		<groupId>org.apache.maven.skins</groupId>
		<artifactId>maven-fluido-skin</artifactId>
		<version>1.5</version>
	</skin>



	<bannerLeft>
		<name>Common CXS Framework</name>
	</bannerLeft>



	<version position="left" />
	<publishDate position="left" />

	<poweredBy>
		<logo name="FedEx" href="#"
			img="https://images.fedex.com/images/c/t1/gh/logo-header-fedex.png" />
	</poweredBy>



	<body>

		<breadcrumbs>
			<item name="Home Page" href="index.html" />
		</breadcrumbs>


		<menu name="CALC Overview">
			<item name="Introduction" href="index.html" />
			<item name="Usage" href="usage.html" />
			<item name="FAQ" href="faq.html" />
			<item name="Release Notes" href="releasenotes.html" />
		</menu>

		<!-- a menu with a link to the parent project's site -->
		<menu ref="parent" />

		<!-- There is also preset menus -->
		<!-- a menu with links to all the generated reports for your project -->
		<menu ref="reports" inherit="bottom"/>



		<!-- a menu containing the links to the sites of the submodules of this 
			project -->
		<menu ref="modules" />


		<footer><![CDATA[All rights reserved.]]></footer>

	</body>
</project>