<?xml version="1.0" encoding="UTF-8"?>
<configuration scan="true">
	<springProfile
		name="dev,pcf-release,pcf-integration,pcf-postprod,pcf-system-edcw,pcf-system-wtc,pcf-stress-edcw,pcf-stress-wtc,pcf-dev,pcf-staging-edcw,pcf-staging-wtc,pcf-prod-edcw,pcf-prod-wtc,pcf-stress,pcf-test,pcf-azure">
		<include
			resource="org/springframework/boot/logging/logback/defaults.xml" />
		<!-- <include resource="org/springframework/boot/logging/logback/console-appender.xml" 
			/> -->
		<appender name="CONSOLE"
			class="ch.qos.logback.core.ConsoleAppender">
			<encoder
				class="ch.qos.logback.core.encoder.LayoutWrappingEncoder">
				<layout
					class="com.fedex.cxs.calc.logging.util.CXSPatternLayout">
					<pattern>${CONSOLE_LOG_PATTERN}</pattern>
				</layout>
			</encoder>
		</appender>
		<logger name="com.fedex.cxs" level="DEBUG" />
		<logger name="org.springframework" level="WARN" />
		<logger name="org.springframework.web" level="WARN" />
		<logger name="com.sun.xml" level="WARN" />
		<logger name="com.sun.metro" level="WARN" />
		<logger name="javax.xml.bind" level="WARN" />
		<logger name="com.sun.jersey" level="WARN" />
		<logger name="com.netflix.discovery" level="INFO" />
		<logger name="org.apache" level="WARN" />
		<logger name="org.apache.catalina.startup.DigesterFactory"
			level="OFF" />
		<logger name="org.hibernate" level="WARN" />
		<logger name="com.zaxxer.hikari" level="WARN" />
		<logger name="cucumber" level="WARN" />
		<logger name="springfox.documentation" level="INFO" />
		<logger name="sun.net.www" level="INFO" />
		<logger name="transaction-log" level="DEBUG" />
		<!-- <logger name="transaction-log" level="ERROR" /> -->
		<logger name="org.springframework.ws.client" level="TRACE" />
		<logger name="org.springframework.ws.server" level="TRACE" />

		<!-- <contextListener class="ch.qos.logback.classic.jul.LevelChangePropagator"> 
			<resetJUL>true</resetJUL> </contextListener> -->
		<root level="DEBUG">
			<appender-ref ref="CONSOLE" />
		</root>
		<!-- <root level="ERROR"> <appender-ref ref="CONSOLE"/> </root> -->
	</springProfile>
</configuration>
